,user_id,book_id,is_read,rating,is_reviewed
0,0,948,1,5,0
1,0,947,1,5,1
2,0,946,1,5,0
3,0,945,1,5,0
4,0,944,1,5,0
5,0,943,1,5,0
6,0,942,1,5,0
7,0,941,1,5,0
8,0,940,1,5,0
9,0,939,1,5,1
10,0,938,1,5,1
11,0,937,1,4,0
12,0,936,1,4,0
13,0,935,1,4,0
14,0,934,1,5,1
15,0,933,1,4,0
16,0,932,1,4,0
17,0,931,1,5,0
18,0,930,1,2,1
19,0,929,1,4,1
20,0,928,1,4,1
21,0,927,1,5,1
22,0,926,1,3,1
23,0,925,1,4,1
24,0,924,1,5,0
25,0,923,1,5,1
26,0,922,1,5,0
27,0,921,1,4,1
28,0,920,1,5,1
29,0,919,1,5,0
30,0,918,1,5,1
31,0,917,1,3,1
32,0,916,1,5,0
33,0,915,1,5,1
34,0,914,1,4,1
36,0,912,1,5,1
39,0,909,1,4,1
40,0,908,1,4,0
43,0,905,1,4,1
45,0,903,1,5,1
47,0,901,1,4,1
48,0,900,1,4,1
49,0,899,1,4,1
50,0,898,1,3,0
51,0,897,1,5,1
53,0,895,1,5,1
55,0,893,1,4,0
56,0,892,1,5,0
57,0,891,1,4,1
58,0,890,1,5,1
59,0,889,1,5,0
60,0,888,1,4,1
62,0,886,1,3,1
65,0,883,1,4,1
66,0,882,1,5,1
68,0,880,1,5,1
69,0,879,1,5,1
70,0,878,1,4,0
71,0,877,1,5,1
72,0,876,1,4,0
73,0,875,1,4,0
74,0,874,1,3,1
75,0,873,1,4,0
76,0,872,1,3,0
77,0,871,1,2,0
78,0,870,1,3,0
79,0,869,1,3,1
81,0,867,1,3,1
82,0,866,1,4,1
83,0,865,1,5,1
85,0,863,1,4,1
86,0,862,1,5,0
87,0,861,1,5,1
88,0,860,1,5,1
89,0,859,1,4,0
90,0,858,1,5,1
92,0,856,1,4,1
93,0,855,1,5,1
94,0,854,1,4,0
95,0,853,1,5,0
98,0,850,1,5,1
99,0,849,1,3,1
100,0,848,1,3,1
101,0,847,1,5,1
102,0,846,1,5,1
103,0,845,1,4,1
104,0,844,1,3,0
105,0,843,1,3,0
106,0,842,1,3,0
107,0,841,1,4,1
108,0,840,1,5,1
109,0,839,1,5,0
110,0,838,1,5,1
111,0,837,1,4,0
112,0,836,1,4,1
114,0,834,1,4,1
115,0,833,1,2,0
116,0,832,1,4,0
117,0,831,1,5,1
118,0,830,1,4,1
119,0,829,1,5,1
120,0,828,1,5,0
121,0,827,1,4,0
122,0,826,1,4,1
123,0,825,1,5,0
124,0,824,1,5,1
125,0,823,1,3,1
127,0,821,1,5,0
128,0,820,1,4,1
129,0,819,1,4,1
130,0,818,1,3,1
131,0,817,1,3,1
132,0,816,1,4,1
135,0,813,1,4,1
136,0,812,1,4,1
137,0,811,1,5,1
138,0,810,1,2,0
139,0,809,1,5,0
140,0,808,1,3,0
141,0,807,1,4,1
142,0,806,1,4,1
143,0,805,1,4,1
144,0,804,1,5,1
145,0,803,1,4,1
146,0,802,1,3,1
147,0,801,1,5,0
148,0,800,1,3,1
149,0,799,1,4,1
150,0,798,1,3,1
151,0,797,1,3,0
153,0,795,1,4,1
155,0,793,1,4,0
158,0,790,1,5,0
159,0,789,1,5,0
160,0,788,1,4,0
161,0,787,1,5,0
162,0,786,1,5,0
163,0,785,1,2,0
164,0,784,1,5,1
165,0,783,1,4,1
166,0,782,1,3,1
167,0,781,1,4,1
168,0,780,1,4,1
169,0,779,1,4,1
170,0,778,1,4,1
171,0,777,1,4,1
172,0,776,1,0,0
175,0,773,1,3,0
176,0,772,1,5,0
177,0,771,1,4,0
178,0,770,1,4,0
180,0,768,1,5,0
181,0,767,1,4,0
182,0,766,1,3,1
183,0,765,1,5,0
184,0,764,1,5,0
186,0,762,1,4,1
187,0,761,1,5,1
188,0,760,1,3,0
189,0,759,1,4,0
190,0,758,1,4,0
191,0,757,1,3,0
193,0,755,1,3,1
196,0,752,1,5,1
198,0,750,1,5,0
199,0,749,1,3,0
200,0,748,1,4,0
201,0,747,1,3,0
202,0,746,1,3,0
203,0,745,1,2,0
204,0,744,1,1,1
205,0,743,1,3,0
206,0,742,1,5,0
207,0,741,1,4,0
208,0,740,1,2,0
209,0,739,1,4,1
211,0,737,1,5,1
214,0,734,1,4,1
215,0,733,1,4,1
217,0,731,1,4,0
218,0,730,1,4,1
219,0,729,1,4,1
220,0,728,1,4,1
221,0,727,1,4,1
222,0,726,1,3,1
225,0,723,1,5,1
227,0,721,1,5,0
229,0,719,1,3,1
231,0,717,1,0,0
232,0,716,1,4,0
233,0,715,1,5,1
235,0,713,1,5,0
236,0,712,1,5,0
237,0,711,1,5,0
241,0,707,1,4,1
242,0,706,1,5,1
244,0,704,1,5,0
245,0,703,1,4,1
246,0,702,1,5,0
248,0,700,1,5,1
249,0,699,1,4,0
250,0,698,1,4,0
251,0,697,1,4,0
252,0,696,1,5,1
253,0,695,1,4,1
257,0,691,1,4,0
258,0,690,1,3,0
259,0,689,1,5,1
261,0,687,1,4,1
263,0,685,1,4,1
264,0,684,1,4,1
267,0,681,1,5,0
268,0,680,1,5,0
269,0,679,1,5,0
270,0,678,1,5,0
271,0,677,1,5,0
272,0,676,1,5,0
273,0,675,1,5,0
275,0,673,1,5,1
276,0,672,1,4,1
277,0,671,1,4,0
278,0,670,1,5,0
279,0,669,1,5,0
280,0,668,1,5,0
281,0,667,1,3,0
283,0,665,1,3,0
284,0,664,1,3,0
285,0,663,1,3,0
286,0,662,1,3,0
287,0,661,1,3,0
288,0,660,1,3,0
289,0,659,1,3,0
290,0,658,1,3,0
291,0,657,1,3,0
292,0,656,1,3,0
293,0,655,1,3,0
294,0,654,1,3,0
296,0,652,1,3,0
299,0,649,1,4,1
300,0,648,1,4,1
302,0,646,1,3,1
303,0,645,1,4,1
304,0,644,1,4,1
306,0,642,1,5,1
310,0,638,1,4,1
312,0,636,1,5,0
313,0,635,1,5,1
314,0,634,1,5,1
315,0,633,1,5,0
321,0,627,1,4,0
324,0,624,1,5,0
325,0,623,1,4,1
328,0,620,1,5,0
329,0,619,1,4,1
334,0,614,1,3,0
335,0,613,1,5,1
337,0,611,1,3,0
340,0,608,1,5,1
342,0,606,1,2,1
345,0,603,1,5,0
347,0,601,1,3,1
348,0,600,1,4,1
350,0,598,1,5,0
354,0,594,1,5,0
358,0,590,1,5,0
360,0,588,1,5,1
362,0,586,1,4,0
363,0,585,1,5,1
364,0,584,1,5,1
366,0,582,1,4,0
367,0,581,1,4,1
368,0,580,1,5,1
374,0,574,1,4,1
375,0,573,1,5,1
380,0,568,1,4,0
381,0,567,1,4,0
382,0,566,1,5,0
383,0,565,1,4,0
384,0,564,1,4,0
385,0,563,1,4,0
386,0,562,1,4,0
391,0,557,1,3,1
393,0,555,1,3,1
394,0,554,1,5,0
398,0,550,1,4,1
401,0,547,1,5,0
402,0,546,1,4,1
403,0,545,1,3,1
407,0,541,1,3,0
411,0,537,1,5,0
412,0,536,1,5,1
413,0,535,1,5,1
417,0,531,1,4,0
418,0,530,1,3,0
424,0,524,1,5,1
425,0,523,1,0,0
428,0,520,1,3,1
433,0,515,1,3,0
435,0,513,1,5,1
436,0,512,1,5,1
437,0,511,1,5,1
439,0,509,1,4,1
440,0,508,1,0,0
441,0,507,1,4,0
444,0,504,1,5,1
445,0,503,1,5,0
451,0,497,1,2,0
452,0,496,1,3,1
455,0,493,1,3,0
458,0,490,1,5,1
460,0,488,1,3,1
463,0,485,1,4,0
466,0,482,1,4,1
468,0,480,1,4,1
476,0,472,1,5,1
479,0,469,1,4,1
483,0,465,1,4,1
487,0,461,1,5,0
488,0,460,1,5,0
489,0,459,1,5,0
490,0,458,1,5,0
491,0,457,1,5,1
495,0,453,1,4,1
496,0,452,1,5,1
497,0,451,1,5,1
502,0,446,1,4,0
504,0,444,1,5,0
505,0,443,1,5,0
506,0,442,1,5,0
507,0,441,1,5,0
508,0,440,1,5,0
509,0,439,1,5,0
510,0,438,1,5,0
516,0,432,1,4,0
518,0,430,1,5,1
519,0,429,1,2,0
520,0,428,1,4,0
521,0,427,1,5,0
522,0,426,1,4,1
525,0,423,1,5,0
527,0,421,1,4,1
528,0,420,1,4,1
531,0,417,1,4,1
533,0,415,1,5,1
538,0,410,1,5,1
540,0,408,1,3,1
542,0,406,1,5,0
543,0,405,1,5,1
544,0,404,1,5,0
545,0,403,1,3,1
546,0,402,1,0,0
547,0,401,1,5,0
548,0,400,1,5,0
549,0,399,1,5,0
553,0,395,1,0,0
556,0,392,1,3,0
557,0,391,1,5,0
561,0,387,1,4,0
564,0,384,1,5,0
565,0,383,1,4,1
567,0,381,1,3,1
568,0,380,1,5,0
570,0,378,1,3,1
571,0,377,1,4,1
581,0,367,1,5,1
583,0,365,1,5,0
587,0,361,1,4,0
591,0,357,1,5,0
592,0,356,1,5,0
593,0,355,1,5,0
594,0,354,1,5,0
595,0,353,1,5,0
596,0,352,1,5,0
597,0,351,1,5,0
598,0,350,1,5,0
599,0,349,1,5,0
600,0,348,1,5,0
601,0,347,1,5,0
602,0,346,1,5,0
603,0,345,1,5,0
604,0,344,1,5,0
605,0,343,1,5,0
606,0,342,1,5,0
607,0,341,1,5,0
609,0,339,1,5,0
612,0,336,1,5,1
614,0,334,1,4,1
616,0,332,1,4,1
617,0,331,1,4,0
618,0,330,1,5,0
619,0,329,1,4,0
626,0,322,1,4,1
630,0,318,1,5,1
631,0,317,1,0,0
636,0,312,1,4,1
637,0,311,1,5,1
641,0,307,1,5,1
645,0,303,1,5,1
658,0,290,1,5,0
663,0,285,1,5,0
664,0,284,1,5,0
673,0,275,1,4,1
675,0,273,1,4,0
676,0,272,1,4,1
677,0,271,1,5,1
678,0,270,1,2,0
680,0,268,1,4,0
681,0,267,1,3,0
682,0,266,1,4,0
683,0,265,1,5,1
685,0,263,1,4,1
689,0,259,1,5,0
691,0,257,1,5,1
692,0,256,1,5,1
693,0,255,1,4,0
694,0,254,1,4,0
696,0,252,1,5,0
697,0,251,1,4,1
699,0,249,1,5,0
700,0,248,1,5,1
703,0,245,1,5,0
704,0,244,1,5,1
705,0,243,1,4,1
714,0,234,1,3,0
715,0,233,1,4,1
717,0,231,1,5,1
721,0,227,1,5,1
722,0,226,1,5,1
725,0,223,1,5,1
729,0,219,1,5,1
730,0,218,1,4,0
732,0,216,1,5,1
733,0,215,1,5,0
744,0,204,1,4,0
747,0,201,1,3,0
748,0,200,1,0,0
749,0,199,1,3,1
751,0,197,1,4,0
755,0,193,1,5,0
762,0,186,1,5,1
765,0,183,1,4,1
767,0,181,1,5,0
771,0,177,1,5,0
772,0,176,1,5,1
774,0,174,1,5,0
776,0,172,1,3,1
781,0,167,1,5,0
784,0,164,1,5,1
785,0,163,1,4,1
786,0,162,1,5,1
788,0,160,1,4,1
794,0,154,1,4,0
795,0,153,1,4,1
802,0,146,1,5,0
809,0,139,1,4,1
810,0,138,1,5,0
813,0,135,1,5,1
815,0,133,1,4,1
816,0,132,1,5,0
822,0,126,1,5,0
824,0,124,1,3,0
831,0,117,1,4,1
834,0,114,1,5,1
842,0,106,1,5,1
844,0,104,1,4,0
845,0,103,1,3,1
846,0,102,1,5,1
848,0,100,1,3,1
851,0,97,1,3,0
852,0,96,1,4,1
854,0,94,1,5,1
858,0,90,1,5,0
863,0,85,1,5,1
864,0,84,1,2,0
875,0,73,1,4,1
880,0,68,1,5,0
924,0,24,1,4,1
925,0,23,1,4,1
926,0,22,1,3,1
927,0,21,1,5,1
934,0,14,1,5,1
935,0,13,1,0,0
949,1,1065,1,4,0
950,1,1064,1,4,0
951,1,1063,1,4,0
952,1,1062,1,5,0
956,1,1058,1,5,0
959,1,1055,1,5,0
962,1,1051,1,5,0
964,1,1050,1,3,0
966,1,1048,1,5,0
969,1,1045,1,5,0
970,1,1044,1,5,0
971,1,1043,1,5,0
972,1,1042,1,5,0
973,1,846,1,5,0
974,1,1041,1,5,0
975,1,828,1,3,0
976,1,1040,1,5,0
977,1,259,1,5,0
978,1,1039,1,4,0
979,1,1038,1,5,0
980,1,1037,1,5,0
981,1,1035,1,5,0
982,1,1036,1,5,0
983,1,1034,1,5,0
984,1,1033,1,5,0
985,1,1031,1,5,0
986,1,1032,1,5,0
987,1,1030,1,5,0
988,1,1028,1,5,0
989,1,1029,1,5,0
990,1,1027,1,4,0
991,1,1026,1,5,0
992,1,1025,1,5,0
993,1,1022,1,5,0
994,1,1023,1,5,0
995,1,1024,1,5,0
996,1,1021,1,5,0
997,1,943,1,5,0
999,1,704,1,5,0
1000,1,1019,1,5,0
1001,1,1018,1,5,0
1002,1,1017,1,5,0
1003,1,439,1,5,0
1004,1,1016,1,5,0
1005,1,1015,1,5,0
1006,1,1014,1,5,0
1007,1,858,1,5,0
1009,1,1013,1,5,0
1010,1,1012,1,5,0
1011,1,1011,1,4,0
1012,1,670,1,5,0
1013,1,1010,1,3,0
1015,1,1008,1,4,0
1016,1,1007,1,5,0
1019,1,1004,1,3,0
1020,1,1003,1,5,0
1021,1,1002,1,5,0
1022,1,1001,1,5,0
1023,1,1000,1,4,0
1024,1,999,1,5,0
1025,1,998,1,4,0
1026,1,706,1,5,0
1027,1,997,1,5,0
1028,1,996,1,5,0
1030,1,994,1,5,0
1031,1,993,1,4,0
1032,1,992,1,5,0
1033,1,991,1,4,1
1034,1,990,1,2,1
1035,1,989,1,2,1
1036,1,988,1,3,0
1037,1,987,1,3,1
1038,1,986,1,5,1
1039,1,985,1,2,1
1040,1,984,1,5,1
1041,1,983,1,4,1
1042,1,982,1,0,0
1046,1,978,1,4,1
1047,1,977,1,4,1
1048,1,976,1,3,1
1049,1,975,1,3,1
1050,1,974,1,2,1
1051,1,973,1,5,1
1052,1,972,1,1,1
1053,1,971,1,1,1
1054,1,970,1,3,1
1055,1,969,1,5,1
1056,1,941,1,5,0
1057,1,613,1,5,0
1058,1,938,1,4,0
1059,1,944,1,4,0
1060,1,968,1,5,0
1061,1,939,1,4,0
1062,1,669,1,4,0
1063,1,668,1,5,0
1064,1,772,1,5,0
1068,1,964,1,5,0
1069,1,963,1,5,1
1080,1,952,1,0,0
1081,1,951,1,0,0
1082,1,531,1,0,0
1083,1,950,1,4,1
1084,1,949,1,4,1
1085,2,1227,1,4,0
1086,2,1226,1,4,0
1087,2,1225,1,3,0
1088,2,1224,1,4,0
1089,2,613,1,4,0
1090,2,898,1,3,0
1091,2,862,1,3,0
1092,2,858,1,3,0
1093,2,943,1,3,0
1094,2,968,1,3,0
1095,2,938,1,3,0
1096,2,941,1,3,0
1097,2,1223,1,4,0
1098,2,939,1,3,0
1099,2,1009,1,2,0
1100,2,1222,1,4,0
1101,2,1221,1,3,0
1102,2,1220,1,4,0
1103,2,1219,1,4,0
1104,2,786,1,5,0
1105,2,821,1,3,0
1106,2,839,1,3,0
1107,2,997,1,3,0
1108,2,1013,1,4,0
1109,2,1003,1,5,0
1110,2,531,1,5,0
1111,2,1218,1,4,0
1112,2,1217,1,2,0
1113,2,1216,1,4,0
1114,2,1215,1,4,0
1115,2,706,1,4,0
1116,2,458,1,4,0
1118,2,1214,1,3,0
1119,2,1213,1,3,0
1120,2,1212,1,4,0
1121,2,1211,1,4,0
1122,2,1210,1,4,1
1123,2,1209,1,4,0
1124,2,739,1,3,0
1127,2,1206,1,2,0
1128,2,1010,1,4,0
1130,2,1204,1,3,0
1131,2,924,1,3,0
1132,2,1011,1,3,0
1133,2,1203,1,2,0
1134,2,1012,1,4,0
1135,2,828,1,4,0
1136,2,892,1,4,0
1137,2,461,1,3,0
1138,2,1202,1,4,0
1139,2,438,1,4,0
1140,2,547,1,3,0
1141,2,586,1,4,0
1142,2,999,1,3,0
1143,2,1201,1,3,0
1144,2,1200,1,2,0
1145,2,1199,1,4,0
1146,2,1198,1,2,0
1147,2,1197,1,3,0
1148,2,1196,1,4,0
1149,2,1195,1,4,0
1150,2,1194,1,4,0
1151,2,947,1,5,0
1152,2,1193,1,3,0
1153,2,1192,1,4,0
1155,2,1190,1,5,0
1156,2,1189,1,4,0
1157,2,1188,1,3,0
1158,2,1187,1,3,0
1159,2,1186,1,2,0
1160,2,1185,1,4,0
1161,2,1184,1,3,0
1162,2,1183,1,3,0
1163,2,1182,1,3,0
1164,2,1181,1,3,0
1165,2,1180,1,3,0
1166,2,1179,1,3,0
1167,2,1178,1,3,0
1168,2,1177,1,3,0
1169,2,1176,1,3,0
1170,2,1175,1,3,0
1171,2,1174,1,3,0
1172,2,1173,1,3,0
1173,2,1172,1,3,0
1174,2,1171,1,3,0
1175,2,1170,1,4,0
1176,2,1169,1,2,0
1177,2,1168,1,3,0
1178,2,499,1,4,0
1179,2,1167,1,3,0
1180,2,1166,1,3,0
1181,2,1165,1,3,0
1182,2,1164,1,3,0
1183,2,1163,1,3,0
1184,2,1162,1,4,0
1185,2,1161,1,3,0
1186,2,1160,1,3,0
1187,2,1159,1,5,0
1188,2,1158,1,3,0
1189,2,1157,1,3,0
1190,2,1156,1,3,0
1191,2,1155,1,2,0
1192,2,1154,1,4,0
1193,2,1153,1,4,0
1194,2,1152,1,4,0
1195,2,1151,1,5,0
1196,2,1150,1,4,0
1197,2,1149,1,5,0
1198,2,1148,1,3,0
1199,2,1147,1,3,0
1200,2,1146,1,3,0
1201,2,1145,1,4,0
1202,2,1144,1,4,0
1203,2,1143,1,4,0
1205,2,1141,1,3,0
1206,2,1140,1,4,0
1207,2,1139,1,3,0
1208,2,1138,1,3,0
1209,2,1045,1,3,0
1210,2,1137,1,4,0
1211,2,1136,1,4,0
1212,2,1135,1,4,0
1213,2,1134,1,3,0
1214,2,1133,1,4,0
1215,2,1132,1,4,0
1216,2,1131,1,3,0
1217,2,1130,1,3,0
1218,2,1129,1,4,0
1219,2,1128,1,4,0
1220,2,1127,1,4,0
1221,2,1126,1,4,0
1222,2,1125,1,4,0
1223,2,1124,1,3,0
1224,2,530,1,4,0
1225,2,1123,1,3,0
1226,2,1122,1,4,0
1227,2,51,1,3,0
1228,2,1053,1,3,0
1229,2,1121,1,5,0
1230,2,1120,1,3,0
1231,2,1119,1,3,0
1232,2,1118,1,4,0
1233,2,1117,1,4,0
1234,2,66,1,3,0
1235,2,1116,1,3,0
1236,2,1115,1,3,0
1237,2,1047,1,4,0
1240,2,1112,1,4,0
1241,2,1000,1,4,0
1243,2,1110,1,5,0
1244,2,1109,1,4,0
1245,2,1108,1,3,0
1246,2,1107,1,4,0
1247,2,1106,1,4,0
1248,2,1105,1,4,0
1249,2,1104,1,3,0
1250,2,1103,1,3,0
1251,2,1102,1,3,0
1256,2,1007,1,4,0
1257,2,1097,1,3,0
1258,2,1096,1,3,0
1259,2,1095,1,4,0
1260,2,1094,1,3,0
1261,2,1093,1,3,0
1262,2,1092,1,4,0
1263,2,1091,1,4,0
1264,2,1090,1,3,0
1265,2,1089,1,5,0
1266,2,1088,1,3,0
1267,2,1087,1,4,0
1268,2,1086,1,4,0
1269,2,1085,1,3,0
1270,2,1084,1,4,0
1271,2,1083,1,4,0
1272,2,1082,1,3,0
1273,2,1081,1,3,0
1274,2,1080,1,3,0
1275,2,1079,1,4,0
1276,2,1078,1,3,0
1277,2,1077,1,4,0
1278,2,1076,1,4,0
1279,2,1075,1,3,0
1280,2,1074,1,5,1
1281,2,1073,1,3,0
1282,2,1072,1,5,1
1283,2,1071,1,4,0
1284,2,1070,1,4,0
1285,2,1069,1,3,0
1286,2,1068,1,4,0
1287,2,1067,1,4,0
1288,2,1066,1,3,0
1289,3,1496,1,5,0
1290,3,1495,1,5,0
1291,3,1494,1,4,0
1292,3,1493,1,3,0
1294,3,1491,1,2,0
1296,3,1196,1,0,0
1298,3,1488,1,3,1
1299,3,1004,1,5,0
1300,3,1487,1,4,0
1301,3,1486,1,3,0
1303,3,1075,1,3,0
1305,3,493,1,3,0
1309,3,1480,1,4,0
1311,3,1478,1,0,0
1312,3,1477,1,3,0
1313,3,1476,1,4,0
1316,3,1473,1,0,0
1318,3,1471,1,4,0
1319,3,1470,1,0,0
1320,3,1469,1,2,0
1321,3,1468,1,3,0
1324,3,1465,1,3,0
1325,3,317,1,4,0
1328,3,1462,1,4,0
1329,3,1461,1,3,0
1331,3,1459,1,0,0
1332,3,1458,1,0,0
1335,3,1455,1,0,0
1337,3,1453,1,2,0
1340,3,1450,1,0,0
1341,3,1449,1,5,0
1342,3,1448,1,4,0
1343,3,332,1,4,0
1347,3,1444,1,3,0
1348,3,1443,1,4,0
1349,3,1442,1,0,0
1351,3,334,1,4,0
1352,3,1440,1,0,0
1354,3,1222,1,0,0
1355,3,1439,1,4,0
1356,3,1438,1,4,0
1357,3,1437,1,4,0
1358,3,1436,1,0,0
1360,3,1205,1,4,0
1361,3,1050,1,4,0
1362,3,1434,1,1,0
1363,3,1433,1,0,0
1364,3,1432,1,0,0
1365,3,412,1,0,0
1367,3,1430,1,0,0
1368,3,1429,1,0,0
1371,3,536,1,0,0
1372,3,1426,1,0,0
1394,3,1207,1,1,0
1419,3,255,1,3,0
1420,3,1391,1,0,0
1422,3,1389,1,0,0
1426,3,417,1,0,0
1429,3,1383,1,4,0
1432,3,1380,1,4,0
1435,3,1377,1,0,0
1436,3,1376,1,0,0
1438,3,1374,1,0,0
1439,3,1373,1,0,0
1440,3,1372,1,0,0
1442,3,1370,1,0,0
1443,3,1369,1,0,0
1444,3,1368,1,0,0
1446,3,1366,1,0,0
1461,3,1352,1,0,0
1464,3,1349,1,0,0
1465,3,1348,1,0,0
1466,3,1347,1,0,0
1467,3,1346,1,0,0
1468,3,1345,1,0,0
1478,3,1088,1,0,0
1480,3,1336,1,0,0
1486,3,1330,1,0,0
1495,3,1321,1,5,0
1496,3,1320,1,0,0
1506,3,1310,1,0,0
1511,3,1306,1,0,0
1512,3,1305,1,0,0
1513,3,1304,1,0,0
1515,3,1302,1,0,0
1516,3,1301,1,0,0
1517,3,1300,1,0,0
1523,3,1294,1,0,0
1528,3,1289,1,0,0
1530,3,1287,1,0,0
1531,3,1286,1,0,0
1532,3,1285,1,0,0
1534,3,1283,1,0,0
1537,3,1282,1,0,0
1538,3,1281,1,0,0
1545,3,1275,1,0,0
1548,3,1272,1,0,0
1554,3,1266,1,4,0
1555,3,1265,1,0,0
1558,3,1263,1,4,0
1559,3,1262,1,0,0
1562,3,1259,1,0,0
1563,3,20,1,0,0
1564,3,1258,1,0,0
1569,3,1255,1,0,0
1576,3,1248,1,0,0
1593,3,1232,1,0,0
1595,3,1230,1,0,0
1598,4,1633,1,3,0
1599,4,1632,1,3,0
1600,4,1631,1,5,0
1601,4,996,1,4,0
1602,4,1630,1,4,0
1603,4,1629,1,4,0
1604,4,1628,1,3,0
1605,4,1386,1,4,0
1606,4,1627,1,4,0
1607,4,1387,1,4,0
1608,4,1626,1,2,0
1609,4,1625,1,5,0
1610,4,995,1,4,0
1611,4,1624,1,3,0
1612,4,1623,1,3,0
1613,4,1622,1,3,0
1614,4,1494,1,4,0
1615,4,1621,1,2,0
1616,4,994,1,4,0
1617,4,1620,1,3,1
1618,4,1471,1,5,0
1619,4,1233,1,4,0
1620,4,1619,1,3,0
1621,4,1618,1,3,0
1622,4,1617,1,1,1
1623,4,1616,1,4,1
1624,4,1615,1,3,0
1625,4,1614,1,4,0
1626,4,325,1,4,0
1627,4,1402,1,4,0
1628,4,1613,1,4,0
1630,4,1611,1,3,0
1631,4,1610,1,2,0
1632,4,1609,1,2,0
1633,4,1197,1,2,0
1634,4,1608,1,4,0
1635,4,1607,1,3,0
1636,4,1606,1,3,0
1637,4,1605,1,4,0
1638,4,1604,1,4,0
1639,4,1603,1,3,0
1640,4,1602,1,3,0
1641,4,1473,1,5,0
1642,4,1601,1,4,0
1643,4,1600,1,4,0
1644,4,1599,1,2,0
1645,4,1598,1,3,0
1646,4,1597,1,4,0
1647,4,1596,1,4,0
1648,4,1595,1,3,0
1649,4,1594,1,4,0
1650,4,1455,1,4,0
1651,4,1593,1,3,0
1652,4,1592,1,4,0
1653,4,1591,1,4,0
1654,4,332,1,4,0
1655,4,1590,1,3,0
1656,4,609,1,4,0
1657,4,234,1,3,0
1658,4,1589,1,2,0
1659,4,233,1,4,0
1660,4,1588,1,4,0
1661,4,1587,1,3,0
1662,4,1586,1,4,0
1663,4,1585,1,4,0
1664,4,1584,1,4,0
1665,4,1583,1,4,0
1666,4,1582,1,3,0
1667,4,1370,1,2,0
1668,4,1408,1,4,0
1669,4,1581,1,3,0
1670,4,1002,1,0,0
1671,4,1580,1,4,0
1672,4,1579,1,3,0
1673,4,1578,1,2,0
1674,4,1577,1,3,0
1675,4,1423,1,4,0
1676,4,1576,1,4,0
1677,4,1313,1,4,1
1678,4,1334,1,2,0
1679,4,677,1,2,0
1680,4,407,1,4,0
1681,4,1575,1,4,0
1682,4,255,1,3,0
1683,4,1574,1,4,0
1684,4,1573,1,4,0
1685,4,1430,1,4,0
1686,4,1572,1,4,0
1687,4,1571,1,4,0
1688,4,964,1,4,0
1689,4,1312,1,4,0
1690,4,1368,1,4,0
1691,4,1450,1,4,0
1692,4,671,1,3,0
1693,4,1570,1,2,0
1694,4,1569,1,4,0
1695,4,1465,1,2,0
1696,4,1568,1,3,0
1697,4,1567,1,3,0
1698,4,1566,1,5,1
1699,4,858,1,3,0
1700,4,1565,1,4,0
1701,4,1433,1,3,0
1702,4,1564,1,4,0
1703,4,410,1,4,0
1704,4,1563,1,4,0
1705,4,1562,1,5,0
1708,4,1283,1,3,0
1709,4,1559,1,3,0
1710,4,1558,1,4,0
1711,4,1557,1,2,1
1712,4,1556,1,3,0
1713,4,1555,1,3,0
1714,4,1554,1,4,0
1715,4,197,1,4,0
1716,4,1553,1,4,0
1717,4,1552,1,4,0
1718,4,1242,1,4,0
1719,4,1123,1,2,0
1720,4,1551,1,3,0
1721,4,1550,1,3,0
1723,4,1548,1,3,0
1724,4,1547,1,3,0
1725,4,1546,1,4,0
1726,4,1545,1,4,0
1727,4,1544,1,3,0
1728,4,1543,1,2,0
1729,4,1448,1,3,0
1730,4,1542,1,3,0
1731,4,1541,1,4,0
1732,4,1540,1,4,0
1733,4,1539,1,4,0
1734,4,1538,1,2,1
1735,4,1320,1,2,0
1736,4,1537,1,3,0
1737,4,1536,1,4,0
1738,4,535,1,3,0
1739,4,1535,1,4,0
1740,4,1534,1,4,0
1741,4,1533,1,4,0
1742,4,1532,1,0,0
1744,4,1530,1,3,0
1746,4,1528,1,3,0
1747,4,1527,1,3,1
1748,4,1526,1,3,0
1749,4,1525,1,3,0
1750,4,1524,1,4,0
1751,4,1523,1,3,0
1752,4,1522,1,4,0
1753,4,1004,1,4,0
1754,4,1521,1,2,0
1755,4,1520,1,3,0
1756,4,1519,1,0,0
1757,4,1518,1,3,0
1758,4,1483,1,2,0
1759,4,1366,1,4,0
1760,4,1517,1,3,0
1761,4,1516,1,2,0
1762,4,1515,1,4,0
1763,4,1514,1,4,0
1764,4,1513,1,4,0
1765,4,1512,1,4,0
1766,4,1250,1,4,0
1767,4,1511,1,4,0
1768,4,1510,1,3,0
1769,4,1509,1,3,0
1770,4,1508,1,4,0
1771,4,1507,1,3,0
1772,4,1506,1,3,0
1773,4,307,1,3,0
1774,4,684,1,0,0
1775,4,1505,1,3,0
1776,4,1504,1,3,0
1777,4,1503,1,4,0
1778,4,999,1,3,0
1779,4,1502,1,4,0
1780,4,1501,1,3,0
1781,4,1500,1,4,0
1782,4,1499,1,0,0
1783,4,1330,1,1,0
1784,4,1498,1,3,0
1785,4,1497,1,0,0
1786,5,7074,1,5,0
1787,5,7075,1,5,0
1788,5,7073,1,5,0
1789,5,7072,1,5,0
1791,5,7069,1,5,0
1792,5,7070,1,5,0
1793,5,7068,1,4,0
1797,5,7064,1,4,0
1798,5,7063,1,4,0
1799,5,7062,1,5,0
1800,5,7061,1,5,0
1801,5,7060,1,5,0
1802,5,7059,1,5,0
1803,5,7058,1,5,0
1804,5,7057,1,5,0
1805,5,7056,1,3,0
1806,5,7055,1,4,0
1807,5,7054,1,3,0
1808,5,7053,1,3,0
1809,5,7052,1,3,0
1820,5,7043,1,5,0
1821,5,7042,1,5,0
1822,5,1526,1,3,0
1823,5,7041,1,4,0
1824,5,7040,1,3,0
1825,5,7039,1,5,0
1826,5,7038,1,5,0
1827,5,7037,1,5,0
1828,5,7036,1,4,0
1829,5,7035,1,4,0
1830,5,7034,1,4,0
1831,5,7033,1,5,0
1832,5,7032,1,5,0
1833,5,7031,1,5,0
1834,5,7030,1,5,0
1835,5,7029,1,3,0
1836,5,7028,1,5,0
1837,5,7027,1,4,0
1849,5,7015,1,4,0
1852,5,7012,1,5,0
1857,5,7007,1,5,0
1860,5,7004,1,4,0
1861,5,7003,1,5,0
1865,5,6999,1,5,0
1867,5,6997,1,4,0
1870,5,6994,1,4,0
1871,5,6993,1,5,0
1872,5,6992,1,5,0
1873,5,6991,1,4,0
1876,5,6988,1,5,0
1878,5,6985,1,5,0
1879,5,6986,1,5,0
1880,5,6984,1,5,0
1883,5,6981,1,5,0
1884,5,6980,1,3,0
1886,5,6977,1,5,0
1887,5,6978,1,3,0
1888,5,6976,1,5,0
1889,5,6975,1,5,0
1892,5,6972,1,5,1
1893,5,407,1,5,0
1906,5,6960,1,5,0
1907,5,6959,1,2,0
1908,5,6958,1,5,0
1909,5,6957,1,4,0
1910,5,6956,1,3,0
1911,5,6955,1,4,0
1915,5,6951,1,4,0
1919,5,6947,1,5,0
1920,5,6946,1,5,0
1921,5,6945,1,5,0
1922,5,6944,1,5,0
1923,5,6943,1,5,0
1924,5,6942,1,5,0
1926,5,6941,1,5,0
1927,5,6939,1,4,0
1928,5,6938,1,5,0
1929,5,6937,1,5,0
1935,5,6930,1,4,0
1950,5,6916,1,5,0
1964,5,6903,1,3,0
1965,5,6902,1,5,0
1966,5,6901,1,4,0
1967,5,6900,1,3,0
1968,5,6899,1,4,0
1969,5,6898,1,4,0
1970,5,6897,1,4,0
1974,5,6893,1,5,0
1975,5,6892,1,5,0
1980,5,6887,1,3,0
1987,5,6880,1,3,0
1990,5,6878,1,3,0
1991,5,6876,1,3,0
1992,5,6875,1,3,0
2089,5,6778,1,4,0
2090,5,6777,1,4,0
2091,5,6776,1,5,0
2123,5,6744,1,5,0
2124,5,6742,1,5,0
2125,5,6743,1,4,0
2131,5,6736,1,5,0
2132,5,6735,1,5,1
2133,5,6734,1,3,0
2134,5,6733,1,5,0
2135,5,6732,1,2,0
2149,5,6718,1,5,0
2162,5,6705,1,2,0
2163,5,6704,1,4,0
2164,5,6703,1,4,0
2165,5,6702,1,4,0
2181,5,6686,1,3,0
2182,5,6685,1,4,0
2183,5,6684,1,3,0
2184,5,6683,1,3,0
2223,5,6644,1,3,0
2251,5,6616,1,4,0
2252,5,6615,1,3,0
2253,5,6614,1,3,0
2254,5,6613,1,3,0
2355,5,6512,1,5,0
2356,5,6510,1,5,0
2357,5,6511,1,3,0
2358,5,6509,1,5,0
2360,5,6507,1,5,0
2361,5,6506,1,5,0
2362,5,6505,1,5,0
2363,5,6504,1,5,0
2364,5,6503,1,5,0
2365,5,6502,1,5,0
2366,5,6501,1,4,0
2367,5,6500,1,5,0
2368,5,6499,1,5,0
2369,5,6498,1,5,0
2370,5,6497,1,5,0
2371,5,6496,1,5,0
2372,5,6495,1,3,0
2373,5,6494,1,3,0
2378,5,6489,1,3,0
2392,5,6476,1,5,0
2408,5,6460,1,4,0
2418,5,6450,1,3,0
2420,5,6449,1,5,1
2441,5,6428,1,4,0
2442,5,6427,1,3,0
2443,5,6426,1,3,0
2444,5,6425,1,4,0
2495,5,6374,1,4,0
2496,5,6373,1,4,0
2534,5,6342,1,4,0
2663,5,6215,1,3,0
2675,5,6203,1,4,0
2690,5,6188,1,5,0
2702,5,6176,1,3,0
2774,5,6104,1,4,0
2775,5,6103,1,5,0
2776,5,6102,1,3,0
2777,5,6101,1,4,0
2907,5,5971,1,3,0
2908,5,5970,1,4,0
2909,5,5969,1,4,0
2910,5,5968,1,4,0
2911,5,5967,1,5,0
2945,5,5933,1,5,0
2946,5,5932,1,5,0
2947,5,5931,1,5,0
2962,5,5916,1,3,0
2969,5,5909,1,5,0
2995,5,5883,1,0,0
2996,5,5882,1,3,0
3028,5,5851,1,3,0
3158,5,5722,1,5,0
3227,5,5653,1,4,0
3380,5,1604,1,5,0
3387,5,5495,1,5,0
3458,5,5427,1,4,0
3520,5,5365,1,4,0
3552,5,5333,1,5,0
3553,5,5332,1,5,0
3554,5,5331,1,5,0
3555,5,5330,1,5,0
3566,5,5319,1,4,0
3567,5,5318,1,3,0
3568,5,5317,1,5,0
3569,5,5316,1,2,1
3673,5,5212,1,1,1
3704,5,5181,1,4,0
3762,5,5123,1,5,0
3808,5,5077,1,4,0
3809,5,5076,1,5,0
3810,5,5075,1,5,0
3811,5,5074,1,2,0
3812,5,5072,1,4,0
3813,5,5073,1,5,0
3814,5,5071,1,5,0
3815,5,5070,1,5,0
3816,5,5068,1,3,0
3817,5,5069,1,3,0
3846,5,5039,1,4,0
3847,5,5038,1,5,0
3848,5,5037,1,5,0
3849,5,5036,1,5,0
3870,5,5015,1,4,0
3883,5,5002,1,4,0
3884,5,5001,1,3,0
3946,5,4939,1,3,0
3970,5,4915,1,4,0
3971,5,4914,1,4,0
4051,5,4834,1,5,0
4052,5,4833,1,4,0
4053,5,4832,1,5,0
4054,5,4831,1,5,0
4055,5,4830,1,5,0
4056,5,4829,1,5,0
4057,5,4828,1,5,0
4073,5,4812,1,5,0
4074,5,4811,1,5,0
4207,5,4678,1,3,0
4244,5,4641,1,2,0
4245,5,4640,1,5,0
4246,5,4639,1,4,0
4318,5,4567,1,4,0
4322,5,4563,1,3,0
4323,5,4562,1,3,0
4331,5,4554,1,3,0
4332,5,4553,1,3,0
4333,5,4552,1,3,0
4334,5,4551,1,5,0
4385,5,4500,1,3,0
4386,5,4499,1,3,0
4387,5,4498,1,4,0
4403,5,4482,1,5,0
4444,5,4441,1,3,0
4445,5,4440,1,4,0
4446,5,4439,1,4,0
4447,5,4438,1,4,0
4524,5,4361,1,5,0
4527,5,4358,1,4,0
4528,5,4357,1,4,0
4531,5,4354,1,3,0
4532,5,4351,1,2,0
4533,5,4352,1,3,0
4534,5,4353,1,4,0
4535,5,4349,1,4,0
4536,5,4350,1,2,0
4537,5,4347,1,4,0
4538,5,4348,1,2,0
4539,5,4346,1,2,0
4540,5,4345,1,3,0
4541,5,4343,1,3,0
4542,5,4344,1,2,0
4543,5,4342,1,4,0
4544,5,4341,1,4,0
4545,5,4340,1,4,0
4546,5,4339,1,3,0
4643,5,4242,1,5,0
4644,5,4241,1,5,0
4907,5,3978,1,3,0
4944,5,3941,1,4,0
4945,5,3940,1,4,0
4946,5,3939,1,4,0
4947,5,3938,1,4,0
4948,5,3936,1,4,0
4949,5,3937,1,4,0
5146,5,3739,1,5,0
5175,5,3710,1,3,0
5176,5,3708,1,3,0
5177,5,3709,1,3,0
5178,5,3707,1,5,0
5179,5,3706,1,5,0
5182,5,3703,1,5,0
5272,5,3615,1,5,0
5809,5,3080,1,3,0
5810,5,3079,1,3,0
5811,5,3078,1,3,0
5842,5,3047,1,3,0
5843,5,3046,1,3,0
5951,5,2938,1,3,0
5973,5,2916,1,4,0
6068,5,2822,1,3,0
6072,5,2818,1,3,0
6090,5,2800,1,4,1
6092,5,2798,1,3,0
6093,5,2797,1,3,0
6094,5,2796,1,0,0
6103,5,2787,1,5,0
6138,5,2752,1,3,0
6158,5,2732,1,5,0
6159,5,2731,1,5,0
6160,5,2730,1,5,0
6161,5,2729,1,4,0
6162,5,2728,1,3,0
6163,5,2727,1,3,0
6164,5,2726,1,4,0
6253,5,2637,1,5,0
6356,5,2537,1,5,0
6374,5,2519,1,3,0
6384,5,2509,1,4,0
6390,5,2503,1,3,0
6396,5,2497,1,3,0
6523,5,2370,1,5,0
6524,5,2369,1,5,0
6625,5,2268,1,3,0
6626,5,2267,1,4,0
6627,5,2266,1,3,0
6699,5,2194,1,3,0
6700,5,2193,1,4,0
6723,5,2171,1,3,0
6729,5,2165,1,2,0
6767,5,2127,1,4,0
6797,5,2097,1,4,0
6798,5,2096,1,3,0
6799,5,2095,1,4,0
6800,5,2094,1,3,0
6830,5,2064,1,5,0
6831,5,2063,1,4,0
6927,5,1967,1,3,0
6929,5,1965,1,3,0
6930,5,1964,1,3,0
6931,5,1963,1,4,0
6991,5,1903,1,5,0
6996,5,1898,1,3,0
6998,5,1283,1,5,0
7000,5,1895,1,4,0
7001,5,1894,1,5,0
7002,5,1893,1,5,0
7003,5,1892,1,4,0
7004,5,1891,1,3,0
7005,5,1890,1,3,0
7006,5,1889,1,3,0
7007,5,1888,1,4,0
7021,5,1874,1,3,0
7022,5,1873,1,4,0
7023,5,1872,1,3,0
7025,5,1870,1,3,0
7026,5,1869,1,0,0
7027,5,1868,1,4,0
7028,5,1867,1,3,0
7034,5,1861,1,5,0
7035,5,1591,1,4,0
7037,5,1859,1,3,0
7038,5,1858,1,4,0
7039,5,1857,1,4,0
7044,5,1852,1,3,0
7049,5,1847,1,3,0
7059,5,1837,1,4,0
7061,5,1835,1,2,0
7062,5,1834,1,4,0
7067,5,1829,1,4,0
7076,5,1820,1,4,0
7080,5,1816,1,4,0
7081,5,1815,1,3,0
7082,5,1814,1,4,0
7083,5,1813,1,4,0
7084,5,1812,1,3,0
7085,5,1811,1,5,0
7086,5,1810,1,4,0
7087,5,1809,1,4,0
7088,5,1808,1,4,0
7090,5,1806,1,4,0
7091,5,1805,1,4,0
7094,5,1802,1,3,0
7095,5,1801,1,3,0
7111,5,1785,1,3,0
7114,5,1782,1,4,0
7115,5,1781,1,4,0
7116,5,1780,1,4,0
7117,5,1779,1,4,0
7118,5,1778,1,4,0
7119,5,1777,1,3,0
7120,5,1776,1,4,0
7121,5,1775,1,5,0
7122,5,1774,1,3,0
7123,5,1773,1,4,0
7124,5,1772,1,4,0
7125,5,1771,1,4,0
7126,5,1770,1,4,0
7127,5,1769,1,3,0
7129,5,1767,1,4,0
7130,5,1766,1,4,0
7131,5,1765,1,4,0
7132,5,1764,1,4,0
7133,5,1763,1,4,0
7134,5,1762,1,4,0
7135,5,1761,1,3,0
7136,5,1760,1,3,0
7137,5,1759,1,2,0
7138,5,1758,1,3,0
7139,5,1757,1,4,0
7140,5,1756,1,4,0
7141,5,1755,1,3,0
7142,5,1754,1,4,0
7143,5,1753,1,2,0
7145,5,1751,1,4,0
7146,5,1750,1,4,0
7147,5,1749,1,4,0
7148,5,1748,1,4,0
7149,5,1747,1,4,0
7150,5,1746,1,3,0
7151,5,1745,1,3,0
7152,5,1744,1,4,0
7153,5,1743,1,0,0
7154,5,1742,1,4,0
7155,5,1741,1,3,0
7156,5,1740,1,4,0
7157,5,1739,1,4,0
7158,5,1738,1,3,0
7163,5,1733,1,3,0
7164,5,1732,1,4,0
7166,5,1730,1,0,0
7167,5,1729,1,4,0
7176,5,1720,1,3,0
7177,5,1719,1,2,0
7182,5,1714,1,0,0
7186,5,1710,1,4,0
7196,5,1700,1,5,0
7203,5,1693,1,3,0
7204,5,1692,1,3,0
7207,5,1690,1,5,0
7211,5,1686,1,3,0
7212,5,1685,1,5,0
7217,5,1680,1,4,0
7222,5,1675,1,3,0
7223,5,1674,1,4,0
7243,5,1655,1,4,0
7244,5,1654,1,3,0
7257,5,1641,1,4,0
7258,5,1640,1,4,0
7263,5,1635,1,5,0
7265,6,7158,1,4,0
7266,6,7157,1,5,1
7267,6,7156,1,3,0
7268,6,7155,1,3,0
7269,6,929,1,5,0
7270,6,7154,1,5,0
7271,6,1072,1,5,0
7272,6,7153,1,2,0
7273,6,7152,1,3,0
7274,6,1473,1,3,0
7275,6,7151,1,5,0
7276,6,7150,1,3,0
7277,6,1188,1,5,0
7278,6,791,1,5,0
7279,6,821,1,4,0
7280,6,7149,1,4,0
7281,6,7148,1,5,0
7282,6,7147,1,4,0
7283,6,7146,1,4,0
7284,6,7145,1,2,0
7285,6,7144,1,5,0
7286,6,7143,1,5,0
7287,6,7142,1,4,0
7288,6,536,1,2,0
7289,6,684,1,4,0
7290,6,7141,1,4,0
7292,6,7139,1,5,0
7293,6,7138,1,4,0
7294,6,671,1,3,0
7295,6,646,1,3,0
7296,6,7137,1,4,0
7297,6,7136,1,5,0
7298,6,762,1,4,0
7299,6,7135,1,3,0
7300,6,7134,1,5,0
7301,6,134,1,5,0
7302,6,7133,1,4,0
7303,6,706,1,5,0
7304,6,704,1,5,0
7305,6,703,1,3,0
7306,6,7132,1,4,0
7307,6,858,1,4,0
7308,6,7131,1,4,0
7309,6,622,1,5,0
7310,6,7130,1,4,0
7311,6,522,1,4,0
7312,6,7129,1,5,0
7313,6,992,1,5,0
7314,6,7128,1,4,0
7315,6,1494,1,5,0
7316,6,619,1,4,0
7317,6,7127,1,2,0
7318,6,1537,1,5,0
7319,6,7126,1,4,0
7320,6,7125,1,5,0
7321,6,7124,1,5,0
7322,6,7123,1,4,0
7323,6,7122,1,4,0
7324,6,7121,1,4,0
7325,6,7120,1,3,0
7326,6,1218,1,5,0
7328,6,1370,1,5,0
7329,6,7118,1,4,0
7330,6,7117,1,5,0
7331,6,7116,1,5,0
7332,6,7115,1,5,0
7333,6,7114,1,5,0
7334,6,7113,1,5,0
7335,6,7112,1,4,0
7336,6,7111,1,5,0
7337,6,7110,1,2,0
7338,6,7109,1,3,0
7339,6,7108,1,4,0
7341,6,182,1,4,0
7342,6,7106,1,4,0
7343,6,7105,1,5,0
7344,6,7103,1,5,0
7345,6,7104,1,4,0
7347,6,7101,1,3,0
7349,6,5834,1,4,0
7350,6,3777,1,4,0
7352,6,7099,1,3,0
7353,6,7098,1,3,0
7355,6,1578,1,5,0
7356,6,1067,1,4,0
7359,6,7096,1,0,0
7360,6,7095,1,0,0
7361,6,7094,1,4,0
7362,6,7093,1,4,0
7363,6,7092,1,4,0
7364,6,7091,1,5,0
7365,6,7090,1,5,0
7366,6,7089,1,4,0
7367,6,7088,1,5,0
7368,6,7087,1,5,0
7369,6,7086,1,4,0
7370,6,7085,1,5,0
7371,6,1435,1,5,0
7372,6,7084,1,4,0
7373,6,7083,1,5,0
7374,6,7082,1,5,0
7378,6,7078,1,4,0
7379,6,1251,1,4,0
7380,6,7077,1,4,0
7381,6,7076,1,0,0
7382,7,7250,1,3,0
7383,7,536,1,5,1
7384,7,1387,1,5,1
7385,7,1386,1,5,1
7388,7,417,1,5,0
7389,7,7247,1,5,0
7391,7,1525,1,4,0
7394,7,7244,1,5,0
7395,7,7243,1,5,0
7396,7,7242,1,4,0
7397,7,1574,1,5,0
7399,7,7241,1,5,0
7400,7,7240,1,5,0
7401,7,821,1,3,0
7402,7,461,1,3,0
7404,7,7238,1,5,0
7408,7,5770,1,5,1
7410,7,1605,1,4,0
7413,7,7236,1,3,0
7417,7,7233,1,1,1
7418,7,7232,1,4,1
7419,7,7231,1,5,0
7429,7,996,1,0,0
7435,7,1604,1,1,0
7437,7,1347,1,0,0
7440,7,7220,1,5,0
7442,7,7219,1,3,0
7443,7,197,1,5,0
7446,7,7217,1,0,0
7450,7,7213,1,3,0
7452,7,7211,1,4,0
7455,7,7208,1,2,0
7464,7,1543,1,3,1
7468,7,7198,1,1,0
7488,7,7181,1,3,0
7493,7,7176,1,3,0
7518,7,7161,1,0,0
7524,8,1012,1,4,0
7525,8,786,1,4,0
7526,8,1002,1,5,0
7527,8,858,1,2,0
7528,8,7433,1,4,0
7529,8,7432,1,3,0
7530,8,7431,1,5,0
7531,8,849,1,5,0
7532,8,7430,1,4,0
7533,8,7429,1,4,0
7534,8,7428,1,3,0
7535,8,7427,1,4,0
7536,8,7426,1,4,0
7537,8,7425,1,5,0
7538,8,7424,1,5,0
7539,8,7423,1,4,0
7540,8,7422,1,5,0
7541,8,862,1,1,0
7542,8,1201,1,5,0
7543,8,1123,1,5,0
7544,8,1015,1,4,0
7545,8,1112,1,5,0
7546,8,7421,1,5,0
7547,8,821,1,5,0
7548,8,759,1,4,0
7549,8,7420,1,4,0
7550,8,7115,1,5,0
7551,8,7419,1,3,0
7552,8,7418,1,3,0
7553,8,7417,1,4,0
7554,8,7416,1,4,0
7555,8,7415,1,5,0
7556,8,7414,1,4,0
7557,8,7413,1,4,0
7558,8,7412,1,5,0
7559,8,7411,1,5,0
7560,8,7410,1,5,0
7561,8,7409,1,4,0
7562,8,7408,1,3,0
7563,8,7407,1,5,1
7564,8,7406,1,3,0
7565,8,7405,1,5,0
7566,8,7404,1,4,0
7567,8,7403,1,4,0
7568,8,7402,1,5,0
7569,8,7401,1,4,0
7570,8,7400,1,5,0
7571,8,7399,1,5,0
7572,8,7398,1,5,0
7573,8,461,1,4,0
7574,8,839,1,5,0
7575,8,7397,1,5,0
7576,8,671,1,4,0
7577,8,7396,1,4,0
7578,8,7395,1,4,0
7579,8,707,1,3,0
7580,8,7394,1,4,0
7581,8,767,1,3,0
7582,8,7393,1,5,0
7583,8,7170,1,5,0
7584,8,7392,1,4,0
7585,8,7391,1,5,0
7586,8,7390,1,4,0
7587,8,7389,1,5,0
7588,8,7169,1,4,0
7589,8,547,1,4,0
7590,8,7388,1,5,0
7591,8,7387,1,5,0
7592,8,848,1,4,0
7593,8,460,1,4,0
7594,8,7385,1,5,0
7595,8,7386,1,3,0
7596,8,7384,1,4,0
7597,8,7383,1,5,0
7598,8,758,1,5,0
7599,8,7382,1,4,0
7600,8,7129,1,5,0
7601,8,637,1,5,0
7602,8,7381,1,2,0
7603,8,7380,1,5,0
7604,8,7379,1,4,0
7605,8,7378,1,5,0
7606,8,7377,1,5,0
7607,8,7376,1,3,0
7608,8,7375,1,5,0
7609,8,7374,1,4,0
7610,8,7373,1,4,0
7611,8,7372,1,4,0
7612,8,7371,1,5,0
7613,8,7370,1,4,0
7614,8,7369,1,5,0
7615,8,7368,1,4,0
7616,8,7367,1,4,0
7617,8,7366,1,3,0
7618,8,5770,1,4,0
7619,8,7365,1,3,0
7620,8,855,1,3,0
7621,8,7364,1,4,0
7622,8,7363,1,4,0
7623,8,7362,1,5,0
7624,8,7361,1,4,0
7625,8,7360,1,4,0
7626,8,1599,1,5,0
7627,8,1011,1,1,0
7628,8,7359,1,5,0
7629,8,7358,1,4,0
7630,8,7357,1,4,0
7631,8,1211,1,2,0
7632,8,790,1,5,0
7633,8,892,1,3,0
7634,8,1000,1,1,0
7635,8,7239,1,4,0
7636,8,1606,1,5,0
7637,8,7356,1,4,0
7638,8,7355,1,4,0
7639,8,7354,1,3,0
7640,8,7353,1,5,0
7641,8,7352,1,4,0
7642,8,7351,1,5,0
7643,8,791,1,5,0
7644,8,7350,1,4,0
7645,8,7349,1,4,0
7646,8,7348,1,4,0
7647,8,994,1,4,0
7648,8,7347,1,4,0
7649,8,7346,1,5,0
7650,8,1053,1,5,0
7651,8,7345,1,4,0
7652,8,828,1,5,0
7653,8,846,1,5,0
7654,8,7344,1,5,0
7655,8,7343,1,4,0
7656,8,7342,1,4,0
7657,8,7341,1,2,0
7658,8,7340,1,4,0
7659,8,7339,1,5,0
7660,8,134,1,3,0
7661,8,7338,1,4,0
7662,8,719,1,5,0
7663,8,7337,1,5,0
7664,8,7336,1,4,0
7665,8,7335,1,5,0
7666,8,7334,1,3,0
7667,8,7333,1,5,0
7668,8,7135,1,4,0
7669,8,906,1,4,0
7670,8,7332,1,5,0
7671,8,7331,1,5,0
7672,8,684,1,5,0
7673,8,7330,1,5,0
7674,8,7329,1,5,0
7675,8,7328,1,5,0
7676,8,740,1,5,0
7677,8,7327,1,5,0
7678,8,7326,1,5,0
7679,8,7325,1,5,0
7680,8,7324,1,0,0
7681,8,853,1,4,0
7682,8,670,1,3,0
7683,8,7323,1,5,0
7684,8,757,1,3,0
7685,8,7322,1,2,0
7686,8,7321,1,4,0
7687,8,7320,1,3,0
7688,8,7319,1,5,0
7689,8,997,1,2,0
7690,8,7318,1,5,0
7691,8,7317,1,4,0
7692,8,7316,1,4,0
7693,8,7315,1,5,0
7694,8,7314,1,4,0
7695,8,7313,1,4,0
7696,8,7312,1,3,0
7697,8,7311,1,2,0
7698,8,7310,1,4,0
7699,8,7309,1,4,0
7700,8,7308,1,5,0
7701,8,7307,1,4,0
7702,8,7306,1,5,0
7703,8,7305,1,5,0
7704,8,7304,1,4,0
7705,8,7303,1,4,0
7706,8,7302,1,5,0
7707,8,7301,1,4,0
7708,8,7300,1,3,0
7709,8,7299,1,5,0
7710,8,7298,1,5,0
7711,8,25,1,4,0
7712,8,7297,1,5,0
7713,8,882,1,4,0
7714,8,7296,1,4,0
7715,8,7295,1,5,0
7716,8,7294,1,4,0
7717,8,7293,1,5,0
7718,8,7292,1,5,0
7719,8,7291,1,4,0
7720,8,7290,1,4,0
7721,8,7289,1,3,0
7722,8,7288,1,5,0
7723,8,7287,1,4,0
7724,8,7286,1,3,0
7725,8,7285,1,3,0
7726,8,1188,1,4,0
7727,8,7284,1,3,0
7728,8,7283,1,5,0
7729,8,7282,1,4,0
7730,8,7281,1,5,0
7731,8,7136,1,5,0
7732,8,7280,1,5,0
7733,8,7279,1,4,0
7734,8,7154,1,4,0
7735,8,7278,1,5,0
7736,8,7277,1,5,0
7737,8,7276,1,5,0
7738,8,7275,1,4,0
7739,8,7274,1,5,0
7740,8,7273,1,3,0
7741,8,7272,1,3,0
7742,8,7271,1,4,0
7743,8,7270,1,4,0
7744,8,575,1,4,0
7745,8,7269,1,5,0
7746,8,7268,1,5,0
7747,8,7267,1,3,0
7748,8,7266,1,5,0
7749,8,7265,1,5,0
7750,8,7264,1,4,0
7751,8,7263,1,5,0
7752,8,7262,1,5,0
7753,8,7261,1,5,0
7754,8,7260,1,3,0
7755,8,7259,1,4,0
7756,8,7257,1,4,0
7757,8,7258,1,4,0
7758,8,7256,1,4,0
7759,8,7255,1,4,0
7760,8,7254,1,1,1
7761,8,7253,1,1,1
7762,8,7161,1,4,0
7763,8,1049,1,0,0
7764,8,7252,1,4,1
7765,8,7251,1,0,0
7766,9,1611,1,5,0
7767,9,6292,1,5,0
7768,9,6294,1,5,1
7769,9,7518,1,3,0
7770,9,6174,1,2,0
7771,9,6912,1,4,0
7772,9,3354,1,4,0
7773,9,6791,1,4,0
7774,9,7517,1,3,0
7775,9,536,1,5,0
7776,9,7050,1,5,0
7777,9,6295,1,5,0
7778,9,3353,1,4,1
7779,9,4513,1,5,0
7780,9,6353,1,4,1
7781,9,6790,1,4,0
7782,9,6547,1,5,0
7783,9,4512,1,5,0
7784,9,4511,1,3,0
7785,9,4509,1,3,0
7786,9,4508,1,4,0
7787,9,4506,1,5,0
7788,9,4507,1,5,0
7789,9,4505,1,5,0
7790,9,4504,1,5,0
7791,9,4503,1,5,0
7792,9,4510,1,5,0
7793,9,4549,1,4,0
7794,9,4502,1,5,0
7795,9,4548,1,3,0
7798,9,4521,1,4,0
7800,9,4538,1,4,0
7801,9,4540,1,4,0
7802,9,4529,1,5,0
7803,9,6297,1,4,0
7804,9,4501,1,5,1
7805,9,6290,1,5,0
7806,9,6546,1,5,0
7807,9,6548,1,5,0
7808,9,6545,1,5,1
7809,9,5704,1,2,0
7810,9,6965,1,4,0
7811,9,6058,1,3,0
7812,9,6810,1,4,0
7813,9,6809,1,4,0
7814,9,5211,1,2,1
7815,9,7515,1,4,0
7816,9,5158,1,4,0
7817,9,6355,1,3,0
7818,9,6354,1,4,0
7819,9,2980,1,3,0
7821,9,3352,1,5,1
7822,9,6173,1,2,0
7823,9,6175,1,2,1
7824,9,6171,1,2,0
7825,9,1387,1,5,0
7826,9,1386,1,3,0
7827,9,7514,1,4,0
7828,9,7513,1,4,0
7830,9,7511,1,5,0
7831,9,6471,1,4,0
7832,9,7510,1,4,0
7835,9,6868,1,5,1
7837,9,7509,1,4,0
7838,9,7010,1,4,0
7842,9,7049,1,5,0
7843,9,7048,1,3,0
7844,9,7051,1,0,0
7845,9,2917,1,4,0
7846,9,7508,1,5,1
7847,9,7507,1,4,0
7848,9,7506,1,4,1
7849,9,6653,1,4,0
7850,9,7505,1,4,0
7851,9,7504,1,4,0
7852,9,7503,1,5,0
7854,9,6291,1,4,0
7855,9,6651,1,4,1
7865,9,6556,1,0,0
7870,9,5085,1,4,0
7872,9,7499,1,3,0
7875,9,4760,1,3,0
7885,9,6544,1,5,1
7887,9,5156,1,3,0
7888,9,6909,1,3,0
7889,9,6910,1,4,0
7890,9,1605,1,5,0
7891,9,1604,1,5,0
7892,9,7493,1,4,1
7894,9,6808,1,4,1
7896,9,6989,1,5,0
7897,9,1473,1,4,1
7900,9,7222,1,3,0
7901,9,3912,1,3,0
7902,9,7490,1,5,1
7907,9,3884,1,3,0
7919,9,7487,1,0,0
7920,9,997,1,4,0
7921,9,6970,1,0,0
7922,9,6939,1,3,0
7923,9,7486,1,3,0
7924,9,7485,1,4,0
7936,9,5200,1,3,0
7939,9,1572,1,3,0
7941,9,6867,1,5,1
7942,9,6866,1,5,1
7946,9,7479,1,4,0
7947,9,7478,1,5,1
7948,9,7477,1,4,0
7949,9,5333,1,5,1
7950,9,6943,1,3,0
7951,9,6951,1,3,0
7954,9,1594,1,4,0
7955,9,6452,1,4,1
7956,9,7476,1,5,0
7957,9,7475,1,5,1
7958,9,6744,1,5,1
7960,9,7474,1,5,1
7961,9,5365,1,0,0
7963,9,1591,1,4,1
7964,9,1590,1,3,0
7965,9,7057,1,4,0
7966,9,2808,1,0,0
7967,9,7473,1,3,0
7968,9,7472,1,4,0
7969,9,6374,1,4,1
7970,9,7071,1,4,0
7971,9,5239,1,5,0
7974,9,7471,1,4,1
7975,9,7470,1,4,0
7976,9,4767,1,3,0
7977,9,7469,1,4,0
7978,9,7468,1,5,1
7982,9,7467,1,4,1
7984,9,7466,1,3,1
7988,9,4465,1,2,0
7989,9,7464,1,0,0
7990,9,4466,1,2,1
7991,9,7463,1,4,1
7992,9,5199,1,3,1
7993,9,7462,1,4,0
7994,9,7461,1,2,0
7996,9,4547,1,4,0
7997,9,7460,1,3,1
7998,9,7459,1,4,0
7999,9,6230,1,4,0
